CEO,abca,Male,1223230000000,2312@gmail.com,12323213213,3423423,abc,Pakistan@1,ds
Warehouse Manager,abc,Male,3222320000000,2342@gmail.com,23424,34242,abc,Pakistan@1,huhjbh
CEO,abc,male,1234567891111,mhhjutt@gmail.com,123456789,23232323,abc,1,
Employee,abc,Female,1234567891111,mhhjutt@gmail.com,123456789,23232323,abc,1,
CEO,abca,Male,1223230000000,2312@gmail.com,12323213213,3423423,abc,Pakistan@1,ds
Warehouse Manager,abc,Male,3222320000000,2342@gmail.com,23424,34242,abc,Pakistan@1,huhjbh
CEO,abc,male,1234567891111,mhhjutt@gmail.com,123456789,23232323,abc,1,
Employee,abc,Female,1234567891111,mhhjutt@gmail.com,123456789,23232323,abc,1,
CEO,abca,Male,1223230000000,2312@gmail.com,12323213213,3423423,abc,Pakistan@1,ds
Warehouse Manager,abc,Male,3222320000000,2342@gmail.com,23424,34242,abc,Pakistan@1,huhjbh
CEO,abc,male,1234567891111,mhhjutt@gmail.com,123456789,23232323,abc,1,
Employee,abc,Female,1234567891111,mhhjutt@gmail.com,123456789,23232323,abc,1,
CEO,abca,Male,1223230000000,2312@gmail.com,12323213213,3423423,abc,Pakistan@1,ds
Warehouse Manager,abc,Male,3222320000000,2342@gmail.com,23424,34242,abc,Pakistan@1,huhjbh
CEO,abc,male,1234567891111,mhhjutt@gmail.com,123456789,23232323,abc,1,
Employee,abc,Female,1234567891111,mhhjutt@gmail.com,123456789,23232323,abc,1,
CEO,abca,Male,1223230000000,2312@gmail.com,12323213213,3423423,abc,Pakistan@1,ds
Warehouse Manager,abc,Male,3222320000000,2342@gmail.com,23424,34242,abc,Pakistan@1,huhjbh
CEO,abc,male,1234567891111,mhhjutt@gmail.com,123456789,23232323,abc,1,
Employee,abc,Female,1234567891111,mhhjutt@gmail.com,123456789,23232323,abc,1,
CEO,abca,Male,1223230000000,2312@gmail.com,12323213213,3423423,abc,Pakistan@1,ds
Warehouse Manager,abc,Male,3222320000000,2342@gmail.com,23424,34242,abc,Pakistan@1,huhjbh
CEO,abc,male,1234567891111,mhhjutt@gmail.com,123456789,23232323,abc,1,
Employee,abc,Female,1234567891111,mhhjutt@gmail.com,123456789,23232323,abc,1,
CEO,abca,Male,1223230000000,2312@gmail.com,12323213213,3423423,abc,Pakistan@1,ds
Warehouse Manager,abc,Male,3222320000000,2342@gmail.com,23424,34242,abc,Pakistan@1,huhjbh
CEO,abc,male,1234567891111,mhhjutt@gmail.com,123456789,23232323,abc,1,
Employee,abc,Female,1234567891111,mhhjutt@gmail.com,123456789,23232323,abc,1,
CEO,abca,Male,1223230000000,2312@gmail.com,12323213213,3423423,abc,Pakistan@1,ds
Warehouse Manager,abc,Male,3222320000000,2342@gmail.com,23424,34242,abc,Pakistan@1,huhjbh
CEO,abca,Male,1223230000000,2312@gmail.com,12323213213,3423423,abc,Pakistan@1,ds
Warehouse Manager,abc,Male,3222320000000,2342@gmail.com,23424,34242,abc,Pakistan@1,huhjbh
CEO,abc,male,1234567891111,mhhjutt@gmail.com,123456789,23232323,abc,1,
Employee,abc,Female,1234567891111,mhhjutt@gmail.com,123456789,23232323,abc,1,
CEO,abca,Male,1223230000000,2312@gmail.com,12323213213,3423423,abc,Pakistan@1,ds
Warehouse Manager,abc,Male,3222320000000,2342@gmail.com,23424,34242,abc,Pakistan@1,huhjbh
CEO,abc,male,1234567891111,mhhjutt@gmail.com,123456789,23232323,abc,1,
Employee,abc,Female,1234567891111,mhhjutt@gmail.com,123456789,23232323,abc,1,
CEO,abca,Male,1223230000000,2312@gmail.com,12323213213,3423423,abc,Pakistan@1,ds
Warehouse Manager,abc,Male,3222320000000,2342@gmail.com,23424,34242,abc,Pakistan@1,huhjbh
CEO,abc,male,1234567891111,mhhjutt@gmail.com,123456789,23232323,abc,1,
Employee,abc,Female,1234567891111,mhhjutt@gmail.com,123456789,23232323,abc,1,
CEO,abca,Male,1223230000000,2312@gmail.com,12323213213,3423423,abc,Pakistan@1,ds
Warehouse Manager,abc,Male,3222320000000,2342@gmail.com,23424,34242,abc,Pakistan@1,huhjbh
Rider,abc,Male,3432434343434,mhhjutt@gmail.com,3030299365,32e234234,abc,Pakistan@1,2021CS
